org_full_name,org_short_name,org_type,projects_lead,un_org
Afghanistan Analysts Network , AAN,Non-Governmental Organization,,NO
African Women Leaders Network, AWLN,Non-Governmental Organization,,NO
Safety and Risk Mitigation Organization , SRMO,Non-Governmental Organization,,NO
The Netherlands Red Cross‘ data and digital unit 510,510,Non-Governmental Organization,,NO
ActionAid International [FHN Secretariat],AAI,Non-Governmental Organization,Kente Threads,NO
ACAPS,ACAPS,Non-Governmental Organization,,NO
Access Center for Human Rights (ACHR),ACHR,Non-Governmental Organization,,NO
Armed Conflict Location & Event Data Project (ACLED),ACLED,Non-Governmental Organization,"ACLED Data, Maintaining ACLED",NO
Xenowatch / African Centre for Migration & Society ,ACMS,Non-Governmental Organization,,NO
Agency for Technical Cooperation and Development,ACTED,Non-Governmental Organization,,NO
Americans for Democracy & Human Rights in Bahrain  ,ADHRB,Non-Governmental Organization,,NO
Association des Femmes Juristes de Centrafrique ,AFJC,Non-Governmental Organization,,NO
L'Alliance des femmes en Haiti,AFPA,Non-Governmental Organization,,NO
Association for Women and Child Protection ,AISHA,Non-Governmental Organization,,NO
Afghan Peace Watch,APW,Non-Governmental Organization,,NO
African Security Sector Network ,ASSN,Non-Governmental Organization,,NO
Awafy Sudanese Organization  ,AWAFY ,Non-Governmental Organization,,NO
Aid Worker Security Database  ,AWSD,Non-Governmental Organization,,NO
Airwars  ,Airwars  ,Non-Governmental Organization,,NO
Armillary Services,Armillary Services,Private Sector,,NO
Local Municipalities and Regions Against Mafia and Corruption,Avviso Pubblico,Non-Governmental Organization,,NO
Bangladesh Red Crescent Society,BDRCS,Non-Governmental Organization,,NO
Centre d’analyse et de recherche en droits de l’homme,CARDH,Non-Governmental Organization,,NO
Centre for Analysis of the Radical Right,CARR,Non-Governmental Organization,,NO
Centre for Democracy and Development,CDD,Non-Governmental Organization,,NO
Conflict Early Warning and Response Mechanism  ,CEWARN,Non-Governmental Organization,,NO
Columbia International Affairs Online,CIAO,Non-Governmental Organization,,NO
Community Initiative for Enhanced Peace and Development / Conflict Watch Center  ,CIEPD,Non-Governmental Organization,,NO
The Center for Integrated Earth System Information ,CIESIN,Academic Institution,,NO
Center for Civilians in Conflict ,CIVIC,Non-Governmental Organization,,NO
Collective Campaign for Peace   ,COCAP,Non-Governmental Organization,,NO
Center for Social Conflict and Cohesion Studies  ,COES,Non-Governmental Organization,,NO
Centre for Social Conflict and Cohesion Studies (COES) | Chile ,COES,Academic Institution,,NO
Complex Risk Analytics Fund,CRAF'd,Intergovernmental Organization,"CRAF'd Direct Costs, CRAF'd Sec.Direct Cost 2022",YES
Center for Social Change ,CSC,Non-Governmental Organization,,NO
Cure Violence Global,CVG,Non-Governmental Organization,,NO
Cambridge Zero,Cambridge Zero,Private Sector,,NO
Center for Social Sciences Research and Action  ,CeSSRA,Non-Governmental Organization,,NO
Clingendael,Clingendael,Non-Governmental Organization,,NO
Dalberg Associates,DA,Private Sector,,NO
United Nations Development Coordination Office  (UNDCO),DCO,Intergovernmental Organization,,YES
Data Friendly Space,DFS,Non-Governmental Organization,,NO
Department of Peace Operations (DPO),DPO,Intergovernmental Organization,,YES
United Nations Department of Political and Peacebuilding Affairs (UNDPPA),DPPA,Intergovernmental Organization,GEOGUARD,YES
Deep South Watch  ,DSW,Non-Governmental Organization,,NO
Dallaire Institute,Dallaire Institute,Non-Governmental Organization,,NO
Data42,Data42,Non-Governmental Organization,,NO
Development Transformations,DevTransform,Non-Governmental Organization,,NO
Dialogos  ,Dialogos  ,Non-Governmental Organization,,NO
Equal Access International  ,EAI,Non-Governmental Organization,,NO
Equal Access International (EAI) | Ivory Coast ,EAI,Non-Governmental Organization,,NO
Eyzidi Organization for Documentation,EOD,Non-Governmental Organization,,NO
Emergent Risk International,ERI,Non-Governmental Organization,,NO
Element 84,Element 84,Non-Governmental Organization,,NO
Every Town for Gun Safety  ,Every Town for Gun Safety  ,Non-Governmental Organization,,NO
Food and Agriculture Organization of the United Nations (FAO),FAO,Intergovernmental Organization,,YES
Feminist Humanitarian Network (FHN),FHN,Other,Kente Threads,NO
Front Line Defenders  ,FLD,Non-Governmental Organization,,NO
Foundation for Media Alternatives  ,FMA,Non-Governmental Organization,,NO
Asian Forum for Human Rights and Development   ,FORUM-ASIA,Non-Governmental Organization,,NO
Forum de Paix de Beni  ,FPB,Non-Governmental Organization,,NO
Forum de Paix de Béni (FPB) | Democratic Republic of the Congo (DRC) ,FPB,Non-Governmental Organization,,NO
Insights – Framework Mechanism (FWM – formerly Data for Change)  ,FWM,Non-Governmental Organization,,NO
Fogo Cruzado  ,Fogo Cruzado  ,Non-Governmental Organization,,NO
Fundaredes  ,Fundaredes  ,Non-Governmental Organization,,NO
Global Initiative Against Transnational Organized Crime,GI-TOC,Non-Governmental Organization,,NO
Genocide Watch,Genocide Watch,Non-Governmental Organization,,NO
Gender in Emergencies Group,GiE,Non-Governmental Organization,,NO
Global Witness  ,Global Witness  ,Non-Governmental Organization,,NO
HORN International Institute for Strategic Studies  ,HORN Institute,Non-Governmental Organization,,NO
Global Campus of Human Rights – Human Rights Centre of the National University of Timor-Leste  ,HRC-UNTL,Academic Institution,,NO
Committee for Human Rights in North Korea  ,HRNK,Non-Governmental Organization,,NO
Idea Bureau,IB,Private Sector,,NO
International Crisis Group (ICG),ICG,Non-Governmental Organization,eEARTH,NO
Intergovernmental Authority on Development - IGAD Climate Prediction and Applications Centre (ICPAC),ICPAC,Intergovernmental Organization,Hazard Modeling,NO
Internal Displacement Monitoring Centre (IDMC),IDMC,Non-Governmental Organization,Internal Displacement Data,NO
Institute for Economics and Peace,IEP,Non-Governmental Organization,,NO
International Federation of Red Cross and Red Crescent Societies (IFRC),IFRC,Non-Governmental Organization,GUARD,NO
International Institute for Strategic Studies,IISS,Non-Governmental Organization,,NO
Instituto de Estudios para el Desarrollo y la Paz ,INDEPAZ,Non-Governmental Organization,,NO
International Organization for Migration (IOM),IOM,Intergovernmental Organization,PRIMARI,YES
International Rescue Committee,IRC,Non-Governmental Organization,,NO
Institute for Security Studies,ISS,Non-Governmental Organization,,NO
International Telecommunication Union (ITU),ITU,Intergovernmental Organization,,YES
InSight Crime,InSight Crime,Non-Governmental Organization,,NO
Insecurity Insight  ,Insecurity Insight  ,Non-Governmental Organization,,NO
Irdeto  ,Irdeto  ,Other,,NO
Kurdistan Human Rights Network ,KHRN,Non-Governmental Organization,,NO
KoboToolbox,KoboToolbox,Non-Governmental Organization,,NO
"Josef Korbel School, University of Denver (Korbel)",Korbel,Academic Institution,Women's Mobilization Within Armed Groups,NO
The Libya Security Monitor (LSM)  ,LSM,Non-Governmental Organization,,NO
Liveuamap  ,Liveuamap  ,Other,,NO
Myanmar Peace Monitor ,MPM,Non-Governmental Organization,,NO
Multi-Partner Trust Fund Office (MPTFO),MPTFO,Intergovernmental Organization,,YES
Mexico Violence Resource Project   ,MVRP,Non-Governmental Organization,,NO
Mapbox,Mapbox,Non-Governmental Organization,,NO
Mediacoop (Formerly MediaFax),Mediacoop,Non-Governmental Organization,,NO
Menastream,Menastream,Non-Governmental Organization,,NO
Mercy Corps,Mercy Corps,Non-Governmental Organization,,NO
Caracas Mi Convive & Monitor de Víctimas  ,Mi Convive ,Non-Governmental Organization,,NO
MilitiaWatch  ,MilitiaWatch  ,Non-Governmental Organization,,NO
Network Contagion Research Institute,NCRI,Non-Governmental Organization,,NO
Norwegian Refugee Council (NRC)  ,NRC,Non-Governmental Organization,Strengthening CRAF'd Ecosystem,NO
Nepal Red Cross Society,NRCS,Non-Governmental Organization,,NO
Northwestern University,NU,Academic Institution,,NO
New Women Connectors,NWC,Non-Governmental Organization,,NO
United Nations Office for the Coordination of Humanitarian Affairs (OCHA),OCHA,Intergovernmental Organization,,YES
UN Office for the Coordination of Humanitarian Affairs (OCHA) / Colombia  ,OCHA (Colombia),Non-Governmental Organization,,NO
Organisation des Femmes Centrafricaine,OFCA,Non-Governmental Organization,,NO
Office of the United Nations High Commissioner for Human Rights (OHCHR),OHCHR,Intergovernmental Organization,Rapid Assessment Data,YES
Ordres des Défenseurs des Droits Humains ,ORDEDH,Non-Governmental Organization,,NO
Omega Research Foundation,ORF,Non-Governmental Organization,,NO
Oxus Society for Central Asian Affairs ,OSCAA,Non-Governmental Organization,,NO
Open Society Foundations,OSF,Foundation,,NO
Observatory of Political and Electoral Violence,OVPE,Non-Governmental Organization,,NO
Pan American Health Organization (PAHO),PAHO,Intergovernmental Organization,,YES
Pacific Disaster Centre,PDC,Non-Governmental Organization,,NO
Pakistan Institute for Conflict and Security Studies ,PICSS,Non-Governmental Organization,,NO
Palestinian Journalists Syndicate ,PJS ,Non-Governmental Organization,,NO
Political Research Associates PRA ,PRA,Non-Governmental Organization,,NO
Peace Research Institute Oslo (PRIO),PRIO,Academic Institution,"VIEWS-PIN, EMPOW",NO
Psychosocial Counselling Center for Women,PSCCW,Non-Governmental Organization,,NO
ProtectDefenders.eu  ,Protect Defenders,Non-Governmental Organization,,NO
Red Cross Red Crescent Climate Centre (RCCC),RCCC,Non-Governmental Organization,Conflict Climate Displacement,NO
Réseau pour l'Égalité du Genres dans l'Action Humanitaire en Haïti (REGAH),REGAH,Non-Governmental Organization,,NO
Reach Out Cameroon  ,ROC,Non-Governmental Organization,,NO
RiskPal,RiskPal,Non-Governmental Organization,,NO
South Asian American Leading Together  ,SAALT,Non-Governmental Organization,,NO
Scholars At Risk SAR,SAR,Non-Governmental Organization,,NO
Search for Common Ground,SFCG,Non-Governmental Organization,,NO
Syrian Network for Human Rights (SNHR)  ,SNHR,Non-Governmental Organization,,NO
Sanáa Center for Strategic Studies  ,Sana’a Center,Non-Governmental Organization,,NO
Save the Children,Save the Children,Non-Governmental Organization,,NO
Xinjiang Victims Database ,Shahit.biz,Non-Governmental Organization,,NO
Sismología Social Nicaragua  ,Sismología Social,Non-Governmental Organization,,NO
Tibetan Centre for Human Rights and Democracy  ,TCHRD,Non-Governmental Organization,,NO
Tableau Foundation,Tableau Foundation,Foundation,,NO
The Carter Center  ,The Carter Center  ,Non-Governmental Organization,,NO
The Sentinel Project  ,The Sentinel Project  ,Non-Governmental Organization,,NO
Togglecorp,Togglecorp,Non-Governmental Organization,,NO
University of California - Irvine,UC IRVINE,Academic Institution,,NO
United Nations Human Settlements Programme (UN-Habitat)  ,UN HABITAT,Intergovernmental Organization,,YES
United Nations Entity for Gender Equality and the Empowerment of Women (UN WOMEN),UN-WOMEN,Intergovernmental Organization,Transformative Outcomes,YES
United Nations Development Programme (UNDP),UNDP,Intergovernmental Organization,"INFORM Warning, Risk DataHub",YES
United Nations Office for Disaster Risk Reduction (UNDRR),UNDRR,Intergovernmental Organization,,YES
United Nations Department for Safety and Security (UNDSS),UNDSS,Intergovernmental Organization,,YES
"United Nations Educational, Scientific and Cultural Organization (UNESCO)",UNESCO,Intergovernmental Organization,,YES
United Nations Population Fund (UNFPA),UNFPA,Intergovernmental Organization,,YES
United Nations High Commissioner for Refugees (UNHCR),UNHCR,Intergovernmental Organization,CLIFDEW-GRID,YES
Universidad de los Andes (UNIANDES) – CEDE Data Center  ,UNIANDES,Academic Institution,,NO
United Nations International Computing Centre (UNICC),UNICC,Intergovernmental Organization,,YES
United Nations Children's Fund (UNICEF),UNICEF,Intergovernmental Organization,,YES
United Nations Office on Drugs and Crime (UNODC),UNODC,Intergovernmental Organization,,YES
United Nations Office for Project Services  (UNOPS),UNOPS,Intergovernmental Organization,,YES
United Nations Research Institute for Social Development (UNRISD),UNRISD,Intergovernmental Organization,,YES
United Nations University (UNU),UNU,Intergovernmental Organization,,YES
Uppsala University,UPPSALA UNIVERSITY,Academic Institution,,NO
VALERIAN IT AB (IT consultant),VIA,Other,,NO
W.M. Consulting  ,W.M. Consulting  ,Non-Governmental Organization,,NO
West Africa Network for Peacebuilding Côte d’Ivoire ,WANEP-CI,Non-Governmental Organization,,NO
West Africa Network for Peacebuilding Sierra Leone   ,WANEP-SL,Non-Governmental Organization,,NO
Women’s Centre for Legal Aid and Counselling,WCLAC,Non-Governmental Organization,,NO
World Food Programme (WFP),WFP,Intergovernmental Organization,,YES
World Health Organization,WHO,Intergovernmental Organization,,YES
WorldPop,WorldPop,Non-Governmental Organization,,NO
Yemen Data Project,YDP,Non-Governmental Organization,,NO
Zimbabwe Peace Project  ,ZPP,Non-Governmental Organization,,NO
Zitamar News  ,Zitamar News  ,Non-Governmental Organization,,NO
Information Management and Mine Action Programs (iMAPP),iMMAP Inc.,Non-Governmental Organization,,NO
"Ridgeway Information Ltd.,",,Private Sector,,NO
Timor-Leste Red Cross Society,,Non-Governmental Organization,,NO
Anonymous Partner 1 - Africa,,Non-Governmental Organization,,NO
Anonymous Partner 2 - Europe,,Non-Governmental Organization,,NO
Various suppliers,,Other,,NO
