org_short_name,org_full_name,crafd_connection,relational_project,org_logo_white,logo_path
 AAN,Afghanistan Analysts Network ,Collaborating partner,"Maintaining ACLED, ACLED Data",,
 AWLN,African Women Leaders Network,Implementing partner,Transformative Outcomes,AWLN-logo.png (https://v5.airtableusercontent.com/v3/u/52/52/1777917600000/TC_s1KexTQlcHU2EcW-nhw/BJ0w4KRE5RNwos8Ef0je_4b8o9_-VliDd-ILeg_jSQvmh9ilXdd94LwqTBTPkMNkdqrafjJDRi9TFb9SgRVp0bVvoyE2-hYR69slm484gne4kQNdM2GHL13IyZlVsTxUWyReMwywB7urFMg7k0ANIk01BAHSkByml_z0FsxLO4g/lfEwVnr7JYF4rTkSTFHQRQtBxaZDHBiXMnsoB-t-khg),/white_logos/awln.png
 SRMO,Safety and Risk Mitigation Organization ,Collaborating partner,"Maintaining ACLED, ACLED Data",,
3iS,3iS,Collaborating partner,Internal Displacement Data,,
510,The Netherlands Red Cross‘ data and digital unit 510,Implementing partner,Conflict Climate Displacement,,
AAI,ActionAid International (FHN Secretariat),Implementing partner,Kente Threads,Action Aid-logo.png (https://v5.airtableusercontent.com/v3/u/52/52/1777917600000/GXOiXjpsfUSSQ2ntBG6i2Q/brAMcC5lzSKsAmaWihdQRWxTTNj4OMKF_QyzwKnfM16ttKB1yS7egybKt4xRNsw77tNOVMBxp6bCpTZFs5OuPOtl8fay6NxB3a2wkt3vNyc-_TwDcIPPWd6xgx4FhNW2gM8tH-k_k6pHbqdY9UHOejSMkLA3obCkxb97TSbcTYs/wVAfzjqU0MzwrQDopM-eVxYaTS48wRyvrpd0yOVZIE4),/white_logos/aai.png
ACAPS,ACAPS,Collaborating partner,"INFORM Warning, Maintaining ACLED, ACLED Data",,
ACHR,Access Center for Human Rights (ACHR),Collaborating partner,"Maintaining ACLED, ACLED Data",,
ACLED,Armed Conflict Location & Event Data Project (ACLED),"Project lead partner, Collaborating partner","Maintaining ACLED, ACLED Data, Risk DataHub, CLIFDEW-GRID, Conflict Climate Displacement, eEARTH",ACLED Vert- Logo (White).png (https://v5.airtableusercontent.com/v3/u/52/52/1777917600000/zH2BKmqu7e196UrTTmwSJQ/Lwj6YeLusjMLYElvRxfMqsKFx66TmW0iJEeQ0SYuW6FWP72JwDSXT3Fux3cd4dnKmDHHNNq2T7IavdHsHLovgIvIeCQHoVSMwKwKGHCA8M8Q8-z4UR-diO7jFagc04HBPCq6SB7FIvGl32sqNy-xILbUHOaEBNgEQ-LUiFDE9i4/R9b-S7t6CJsTrS8Iw-Z4otMMukuORIT7Xi5m5lM3-FQ),/white_logos/acled.png
ACMS,Xenowatch / African Centre for Migration & Society ,Collaborating partner,"Maintaining ACLED, ACLED Data",,
ACTED,Agency for Technical Cooperation and Development,Collaborating partner,"Maintaining ACLED, ACLED Data",,
ADHRB,Americans for Democracy & Human Rights in Bahrain  ,Collaborating partner,"Maintaining ACLED, ACLED Data",,
AFJC,Association des Femmes Juristes de Centrafrique ,Implementing partner,Transformative Outcomes,"Property 1=OFCA-logo.png (https://v5.airtableusercontent.com/v3/u/52/52/1777917600000/fT0oJYS8ODxpReUfUFXo1w/I3QbmQf26y4pSia1ETJ31jeR_ioUwBxSquipvXewgmU5pW1S6OmxY1XQ51FpoyGT3yLqZi1DEGeSCOGJVX9T0w5PDAaTkrYNfVhqELK3-L4tAGIB3NgbeFFr2OtiD-sSKo0mmYKmvctQx9emyJPEgaV-4yQn30o7kL8yJ_HBt9g/V4cdYzRhhXW39M9t_D_5nfltKxa4hrWH756uQC0uVQo), Property 1=AFJC-logo.png (https://v5.airtableusercontent.com/v3/u/52/52/1777917600000/RdBeccdxDBTCqd3-AJAZTg/USqj9GQFJcpn8ncfivqIUvPTSquSdEL_un-UaLsmKvGOZTup06Adqrn1seYkAGuEOZFHyOhEj---r9Psu4yJjSwU1bR62JVZwrlTho6ZnTUWa4dB8eJZj-vp_0UuJeynQUDcdhGTSgrRJd9KXAQfIZnJlyCWOJGwxcVVj6jFEWU/i3aDqK-YnKAGiG9fJJT-8fwdqIwBfQ0jPKeH-OsS8vs)",/white_logos/afjc.png
AFPA,L'Alliance des femmes en Haiti,Implementing partner,Transformative Outcomes,,
AISHA,Association for Women and Child Protection ,Collaborating partner,Transformative Outcomes,Property 1=AISHA-logo.png (https://v5.airtableusercontent.com/v3/u/52/52/1777917600000/_FbSMW50hMcXYHJR2Jj-Jg/YL8DSHbM1ehHKHYu_XpIvWjN6O10p5UOcTAIEuz4cOdapSlUavIsVB2uyJCI40w8iQsnUx6vMWbn9nuxcuL59P4EaynZYFVgeHHgONRAWjv8M0A7mT7llHlOnAmRKx62C7pSrO4m7YNvDsFmgyBeO8nBdYONMTR492xmSWS1NsU/k113v_UjZ_0zSzXdPD1_MZnV_B8_ZoHmUE2CIflgw9U),/white_logos/aisha.png
APW,Afghan Peace Watch,Implementing partner,"Maintaining ACLED, ACLED Data",,
ASSN,African Security Sector Network ,Collaborating partner,"Maintaining ACLED, ACLED Data",,
AWAFY ,Awafy Sudanese Organization  ,Collaborating partner,"Maintaining ACLED, ACLED Data",,
AWSD,Aid Worker Security Database  ,Collaborating partner,"Maintaining ACLED, ACLED Data",,
Armillary Services,Armillary Services,Implementing partner,GEOGUARD,,
BDRCS,Bangladesh Red Crescent Society,Implementing partner,GUARD,Property 1=Bdrcs-logo.png (https://v5.airtableusercontent.com/v3/u/52/52/1777917600000/erETOrD_Y6IuPOCeAUR2cg/hIJAf1S0e_H17dIWY8v2ePvjULcn9OhJYPBaR3JpmPFNEk_os3xcpJjpzQI_Q1xONsMX-6MAH4vyQdiuOWwMpjy4lQNvRhuLcMvHmUAHjUP3CEvfNLAq0J7UFufbm8-w70QGUijMN4ejSgibvfLU7mUfFGAgCPt42XCPAeVqw5s/z97sINT1neU3v42cQ1T7YH7qVvaj9IMojg0bpacAAlg),/white_logos/bdrcs.png
CARDH,Centre d’analyse et de recherche en droits de l’homme,Implementing partner,"Maintaining ACLED, ACLED Data",,
CDD,Centre for Democracy and Development,Collaborating partner,"Maintaining ACLED, ACLED Data",,
CEWARN,Conflict Early Warning and Response Mechanism  ,Collaborating partner,"Maintaining ACLED, ACLED Data",,
CHC,Climate Hazards Center UC Santa Barbara,Collaborating partner,eEARTH,,
CIEPD,Community Initiative for Enhanced Peace and Development / Conflict Watch Center  ,Collaborating partner,"Maintaining ACLED, ACLED Data",,
CIESIN,The Center for Integrated Earth System Information ,Implementing partner,GUARD,,
CIVIC,Center for Civilians in Conflict ,Collaborating partner,"Maintaining ACLED, ACLED Data",,
COCAP,Collective Campaign for Peace   ,Collaborating partner,"Maintaining ACLED, ACLED Data",,
COES,Centre for Social Conflict and Cohesion Studies,Collaborating partner,"Maintaining ACLED, ACLED Data",,
CONRED,Coordinadora Nacional para la Reducción de Desastres,Collaborating partner,Internal Displacement Data,,
CRAF'd,Complex Risk Analytics Fund,CRAF'd,"CRAF'd Direct Costs, CRAF'd Sec.Direct Cost 2022",,
CSC,Center for Social Change ,Collaborating partner,"Maintaining ACLED, ACLED Data",,
Cambridge Zero,Cambridge Zero,Implementing partner,GEOGUARD,,
CeSSRA,Centre for Social Sciences Research and Action  ,Collaborating partner,"Maintaining ACLED, ACLED Data",,
DA,Dalberg Associates,Implementing partner,Strengthening CRAF'd Ecosystem,,
DCO,United Nations Development Coordination Office  (UNDCO),MoU signatory,,UNSDG-logo.png (https://v5.airtableusercontent.com/v3/u/52/52/1777917600000/lRMwf1G_yIBe2QTkle_S7Q/Nk49VwvG15liRB_8pMDFvsuL8GGSgzQ2R-5-ZvX8toTMOgOP0pyCaK5KE1IYu1UI3VQp5hr_4SDJbK_45Qj2L1VAh4mZsN9Mk951kGJgWdAPj9Irl3ktXqFNDlwrvgsxZbWDq71IWfZpNUUqdcOwptny73mCbEinRTcR5CGLfdY/6eq9s5-vD7E6WyJSF7y7LglXbjuAaGTPC-0izWUZKEI),/white_logos/dco.png
DFS,Data Friendly Space,Implementing partner,"INFORM Warning, GUARD",,
DPO,Department of Peace Operations (DPO),MoU signatory,,UNDPO-logo.png (https://v5.airtableusercontent.com/v3/u/52/52/1777917600000/UmqdgpolVVgV6FQyUMw09g/N8Q5CecF2IRkhvF39VLYxq_hFKxCCucrCfg8yWjEfIFHij8BIbCmRPIx_M8YGpfGrjMIsmlh2FgG1fsIJTRhq_Xus3VtFKHbhgyxYSYBR3TEfbz_-kXcSsAN_rlj02mqUKI6bWge3KoWetsLxagun-qtDTsDAicvKQLHTrDJ0VY/4PI7fZUCQescLQisokjl-AqbTa02nvIZmnCyCjaIh24),/white_logos/dpo.png
DPPA,United Nations Department of Political and Peacebuilding Affairs (UNDPPA),"MoU signatory, Project lead partner",GEOGUARD,DPPA-logo.png (https://v5.airtableusercontent.com/v3/u/52/52/1777917600000/7lrOHfRsDeH22Jd5WVZA4A/hSzm7lnmB1RKmzeqikafUcOQSofB8Il-q8LRjXEoTKDvrSO4PmN3P8rni9b-OkFg1P0vZUK0oiZOT6AU3wmqIiwA0YROP4ybmZRAHeSn1aBH2qlLb6pzXYjUiOT_a7IynipK5MUgFMNei8a_f0lBAtwRI1QdfA7HBuO_IQLj8k8/rQ3EIXvtHWOFd3Sjbt_DjIPpUhZin4cz7DJ6eWmhsTM),/white_logos/dppa.png
DSW,Deep South Watch  ,Collaborating partner,"Maintaining ACLED, ACLED Data",,
DevTransform,Development Transformations,Implementing partner,Kente Threads,,
Dialogos  ,Dialogos  ,Collaborating partner,"Maintaining ACLED, ACLED Data",,
EAI,Equal Access International (EAI) | Ivory Coast ,Collaborating partner,"Maintaining ACLED, ACLED Data",,
EAI,Equal Access International  ,Collaborating partner,"Maintaining ACLED, ACLED Data",,
EGRISS,"Expert Group on Refugee, IDP and Statelessness Statistics",Collaborating partner,Internal Displacement Data,,
EYE on ISIS,Eye on ISIS,Implementing partner,"ACLED Data, Maintaining ACLED",,
Element 84,Element 84,Implementing partner,GEOGUARD,,
Every Town for Gun Safety  ,Every Town for Gun Safety  ,Collaborating partner,"Maintaining ACLED, ACLED Data",,
FAO,Food and Agriculture Organization of the United Nations (FAO),"MoU signatory, Collaborating partner",VIEWS-PIN,FAO-logo.png (https://v5.airtableusercontent.com/v3/u/52/52/1777917600000/F0Cmb-vVTdv9001k8zatoQ/aiWs7MOO5Q5mGPf7GyDtoQytKZmi9HCzYwnmij4uSmiJ0E1jIF3CDpW2GJmJDLVBbT18wCzD58KThG1XiOY-Evm-DMesQCe1gYQzalcThPARNvOFXYugrCFOgKp6lg_2Dpo-IW77xYYrZrNP2CDBU6sPp2wc-Ofngyac-WiqoT0/rt2lFpat8CXe36w7IWZ1_kbZ-fgGZrHonUc4s-jFx1Y),/white_logos/fao.png
FEWS NET,Famine Early Warning Systems Network,Collaborating partner,PRIMARI,,
FHN,Feminist Humanitarian Network (FHN),Project lead partner,Kente Threads,FHN-logo.png (https://v5.airtableusercontent.com/v3/u/52/52/1777917600000/zTGlIa04x5T42132zlI1BQ/F64XtSQSAz5JbSmyCe2OYWb90navckEo9ty0XTNbm6SJVRu0TVWIVV3EP-h4WDFQW6y3h_R4wgpeIJcognEP1C7NIq6VJTDu1F9upfrs1ZO7Smxt5GJcwMvRrBoy3P6vYxcxgqmPKzyXNDTV621q4DqFGllRanIAE7EZXuEdua8/my0wRtKelZGo9_AnwYbIpCerVPcZOlKohgcgtReRY5I),/white_logos/fhn.png
FLD,Front Line Defenders  ,Collaborating partner,"Maintaining ACLED, ACLED Data",,
FMA,Foundation for Media Alternatives  ,Collaborating partner,"Maintaining ACLED, ACLED Data",,
FORUM-ASIA,Asian Forum for Human Rights and Development   ,Collaborating partner,"Maintaining ACLED, ACLED Data",,
FPB,Forum de Paix de Beni  ,Implementing partner,"Maintaining ACLED, ACLED Data",,
FPB,Forum de Paix de Béni (FPB) | Democratic Republic of the Congo (DRC) ,Collaborating partner,"Maintaining ACLED, ACLED Data",,
FWM,Insights – Framework Mechanism (FWM – formerly Data for Change)  ,Implementing partner,"Maintaining ACLED, ACLED Data",,
Fogo Cruzado  ,Fogo Cruzado  ,Collaborating partner,"Maintaining ACLED, ACLED Data",,
Fundaredes  ,Fundaredes  ,Collaborating partner,"Maintaining ACLED, ACLED Data",,
GI-TOC,Global Initiative Against Transnational Organized Crime,Collaborating partner,"Maintaining ACLED, ACLED Data",,
GiE,Gender in Emergencies Group,Implementing partner,GUARD,GIE-logo.png (https://v5.airtableusercontent.com/v3/u/52/52/1777917600000/AXq8jzoq6Agr2Ohtwc01Zg/6Pf8Ew3QpIKpZB-bGXmOXDp1JRSG-SzpKGSmB3TJYm8RYHygx1Y6SPQPOrcuT1MohiS1ylW9LddAUqT3ikrtOk6kVqMnCE4v2An2LCavAEmkMJMW-LYc1R0y9dc-4MLh4PAVgcqmsA8iHoMi4jZgHsxjeSSHDiJt7r0_QLKGYj4/STTpiupcBXj4wdZG_CW0CQa3q6T5MIp9MHiVoTezKTc),/white_logos/gie.png
Global Witness  ,Global Witness  ,Collaborating partner,"Maintaining ACLED, ACLED Data",,
HDX,Humanitarian Data Exchange,Collaborating partner,VIEWS-PIN,,
HORN Institute,HORN International Institute for Strategic Studies  ,Collaborating partner,"Maintaining ACLED, ACLED Data",,
HRC-UNTL,Global Campus of Human Rights – Human Rights Centre of the National University of Timor-Leste  ,Collaborating partner,"Maintaining ACLED, ACLED Data",,
HRNK,Committee for Human Rights in North Korea  ,Collaborating partner,"Maintaining ACLED, ACLED Data",,
IB,Idea Bureau,Implementing partner,GEOGUARD,,
ICG,International Crisis Group (ICG),"Project lead partner, Collaborating partner","eEARTH, CLIFDEW-GRID",ICG-logo.png (https://v5.airtableusercontent.com/v3/u/52/52/1777917600000/bNEdIRlVboc7EpLxlbG_mA/LjK3USaPwz-xN8zQoNiMt4OofC458wTQskC2VdzIVQD6qmviDRZA5ej4u5XsJMQmh-LzcqztkTym3kGHinbLSt_3rvAo28tFtXCM19ZkvJ5nOG3nn3l1tfYkSSFrZ5OYF6gCGt7dIz5i3ZYs5BHRb9Wx85j1kNBVV3K6HYABIcA/rP_8dJX1bhRH-g-4W884t7yBaZjnhdOC8DcZhFDUnb4),/white_logos/icg.png
ICPAC,Intergovernmental Authority on Development - IGAD Climate Prediction and Applications Centre (ICPAC),"Project lead partner, Collaborating partner","Hazard Modeling, eEARTH, CLIFDEW-GRID",ICPAC-logo.png (https://v5.airtableusercontent.com/v3/u/52/52/1777917600000/ncFEZZe9jg9Nwvv71sTbmg/jAEp3vcoueyhPMm90qlpue2GWRl1uECOqKBLhb_UO2eaAo1gOOVqLdjEPdNfm07m93vB2GoF2TgESaxXH-qq2UXO8uWnj7C4cB3SVx4YpqtuWEdIjqRpHJoSgdHap698QFeCPm9P19HI71vNl5l_GdCwFFUgEeLmcI5qdTM4pBw/vpeZ8mjPwSPtf274hlJ6QiA2WULr3R9PArk4U_BUnTg),/white_logos/icpac.png
ICRC,International Committee of the Red Cross (ICRC),"Complementary donor, Collaborating partner",Conflict Climate Displacement,,
IDMC,Internal Displacement Monitoring Centre (IDMC),"Project lead partner, Collaborating partner","Internal Displacement Data, eEARTH, CLIFDEW-GRID",IDMC-logo.png (https://v5.airtableusercontent.com/v3/u/52/52/1777917600000/vLy591yDwwRQbsM-20yGAQ/bscE70wfTHPLmixsxfrpJEfOZvJHV3dX6QcJmQaHTfw18Mqt1xc4cqcXmRp4eqalKnBBdySjU5JURNvpiCOjFR1B2GPbIIgBy80jRrDtmgL5wh9sE6yRU4Rx7A6z1UK_4sM9-T2cdDcReVRxIrGIPcoKPa-qLge-LoPA3F6rmlE/XFlKuuw-gNJ6CpjbzRd2oSF1ZJAGa3pQn3MYj_9TIJY),/white_logos/idmc.png
IFRC,International Federation of Red Cross and Red Crescent Societies (IFRC),"Project lead partner, Collaborating partner",GUARD,"IFRC-logo.png (https://v5.airtableusercontent.com/v3/u/52/52/1777917600000/_pTYDIKRBCNxBszXP6uJ3w/ZPFnJzbd-Aw04syZUKsB0zC8E7Mdhq2iKQJb20Az6v-IydlPZ1yHE_wWBTe_8bNGDl98Ur6BGxKtFFKwxuxxPRoPA-oOp4WXzRCBYiqBRq0st6Yi4CxqGX4-yNnG4UHeIy4w5yEOf-gTq01SbGMfmeNnivZGA3mUQ7_cprEjgS0/m6hzfmze-HgdTEgLvcybKuwRBGzdj_KyBdo3UROBzwA), Logo-Horizontal-withSafeSpace-Grayscale.svg (https://v5.airtableusercontent.com/v3/u/52/52/1777917600000/jiKHCmOTyd_3uh80LLeBRQ/SXhzKX-c4ZpBrJ9zz7ri9hG1ialRz6qWy3OF1XICM2Q4SCH0BMan_zoz7WFglQljjABm9ptOsO6GU677aqGBUWwGNv9oN1srsS2dv8gO37h1Sx1oHVr-0sr0XEE4IDEqUuai72JAbLnLlqRD7TZwzpFXKO1ykmyy0DLzMqWe8RJNAIEitGRj2FBDg_rtUL_Z4Ja_yvVh8nQStGv2sSaqQA/gTt6r2gNWKqKpM_FKQkKN8hI3B4ymKk08wtCARSnd0E), Logo-Square-withSafeSpace-Grayscale.svg (https://v5.airtableusercontent.com/v3/u/52/52/1777917600000/-O5QxRLyveBtUWvkQKNc_A/wFJkWy3M8tmjuc5Z8ziCwit09d-_9hnJRmeLrDfbXDpPtgX-WKgjlFkB-17c0DvYiRVTa4XxGJ8hkR9hLEOAOoToY4ze5-nkWbFUiEq4OMXfFfzRH1PrmBROhuPbmraN7tkLOs5G28NxlEEosC4-34mfvqN_hGXt01llW7zrak52fi75RgFlHhx4TvxCrhnO/vaPb-5DlooBDxS7AF_b-U-9HLOAT56UtqUt9i-FuVDA)",/white_logos/ifrc.svg
INDEPAZ,Instituto de Estudios para el Desarrollo y la Paz ,Collaborating partner,"Maintaining ACLED, ACLED Data",,
INFORM,INFORM Consortium,Implementing partner,INFORM Warning,,
IOM,International Organization for Migration (IOM),"MoU signatory, Project lead partner, Collaborating partner","Conflict Climate Displacement, Internal Displacement Data, Maintaining ACLED","IOM-logo-1.png (https://v5.airtableusercontent.com/v3/u/52/52/1777917600000/gyGkdXzqmqlCV1eSq60v5A/UpDSxGUx8MGkIxsaJymYESSv3v6qEY8LhGGeLPJNnjSntuE0qVspz14KT3LXL9gQsLwiGE6Q8ROhA24J6AZT6DQrBJd4HbyMteuLLNzSVFMNxbtfMea9G9CuM11-kxYnVfiY2rbT8yl_n2lBvybpTAPh97R7W_SXtFDlvX8mVls/izt0sM4uIRVM4gRk-OOf-CUWlt2mYL2Lxq0JBuKXSAU), IOM-logo.png (https://v5.airtableusercontent.com/v3/u/52/52/1777917600000/o2xwHQ_U_m2ecv7gXpXeJg/VfhtMGmYwpgnNWlE0uzA5E9gPomE0X4NuheFxJJyja9NvJENUQy0B9f76NkljFyCJ0RYmoM2l_5ekA88-WH9_y4_1EN6Oc5PvkpVX4ufEw1hX7mPSI-g-B4hhtLI6RXSK67eLPVJ3xKTcfMmT9f40FWXJgkEDYzrjQ5suxemrgg/SXlFy25T8K3AKs2V2P7R5snl4x9BSYn-TB9zOTJla1U)",/white_logos/iom.png
IStories,IStories Media,Collaborating partner,Maintaining ACLED,,
ITU,International Telecommunication Union (ITU),MoU signatory,,ITU-logo.png (https://v5.airtableusercontent.com/v3/u/52/52/1777917600000/y6DI0rM0uqS77I_60J7bIw/9gu3SiomV1g_tieZUQwGvQmycPkg2MrU5DPqwOgNStwqsiAR_ox2lpuPEZfvNoEcy77p1eC9TBIT4YxMKtnSpBHXgYWRiAIzhLKIYGrZF5dQfbJNu8VQ33nLhELK6WSyZfZImv1jkoJqYkhGfp502_iJn6tWNeo17ZmefabUTMU/IrBaR0HsLEEfOPvcQnnN0xOfTZWblfznI1PEpZMXkdA),/white_logos/itu.png
InSight Crime,InSight Crime,Collaborating partner,"Maintaining ACLED, ACLED Data",,
Insecurity Insight  ,Insecurity Insight  ,Collaborating partner,"Maintaining ACLED, ACLED Data, Rapid Assessment Data",,
Irdeto  ,Irdeto  ,Collaborating partner,"Maintaining ACLED, ACLED Data",,
JRC,European Commission Joint Research Centre (JRC),Collaborating partner,INFORM Warning,"EU-logo-vertical.svg (https://v5.airtableusercontent.com/v3/u/52/52/1777917600000/oef25nwkC9OiYJ0gUbVmkg/Ud2apfffk_k3OeKIVkgaB-QjexYqHx9HhuU8yJ4vsT11XHWW5cocQUY5HkO0_vrAGC6Y0lZPsqFfO2QytbjZKkIukHM0OOZNa_8-Drv73JQ4xw9c4qovunQ8-IECL93WMLFc6VKntQ6jOb7kTeJL5duOcvuHuEr9tQOOmGm6N9Y/B5rzomHXdQHNWGD57hJfyxZXA9kpXzpQjPiDq6HZBy0), EU-logo.svg (https://v5.airtableusercontent.com/v3/u/52/52/1777917600000/0akUJlkCnb2zENJsDnkQ6Q/a15LfV1ffTB0NUIUyMFFZqkzfCWDZIrgIXq4rKqHlvG9dYogoe6at2ApaGtqsOLZbIyxydqn4OCdBlyBwIcszn9XJIAX-YNOSpgYfTMMDQukJXk8O-DGowQX84PdIhnO2SpLjPUYBsWujkHG7Deo5Mf1U85XP3JHKLHA1iDKdq8/MmrrgtRp8nqzKHk8Wy6mlEeHFHoIcuKvI7zkjzSsCLs), EU-logo.png (https://v5.airtableusercontent.com/v3/u/52/52/1777917600000/D73eTYZBVee34efFzEyyig/5rE82SWeLGu2hiGZw00Po8cBDbo7SCjbWRN4J_DEeYzvkDgoecgWUHHorjhz4mg05jEdcPB27wTPXO3TglkDcCZc9VbqhAPgE9c8LR9eWYfNKMubhYWCL1gDjkIw221Ruu05uEV1ZtyP8kN2gA9KWANpVH2myGSvqmQVMCyzcOE/il9uGeuB22Jx1aI6_DA_LyMZF5hr01ysy_ZB9s2eEZ4)",/white_logos/jrc.png
KoboToolbox,KoboToolbox,Implementing partner,Transformative Outcomes,KoboToolbox-logo.png (https://v5.airtableusercontent.com/v3/u/52/52/1777917600000/vAjz6EVl4cSnPpwR2L8f2Q/wyDhRTp3SL5MizKOhf5rS3zHBFuOz3IOBc5mjUmS20KrvG8yGO0Y2jbxq4lqp0E8H8mqyUJ7Qg0q6-nkKR7Tm30sKalCZpNRyvc10dkRFfX3mnD9V6Yxm3PrnEibPsY09ouqwE0o7HG0vP9NFxU3hBt5OBrkK8ln8_lggmkg_tE/QFf1BdRoyoa2epB4FjCktAZfI4NX5XJcKCbYh5xsk7E),/white_logos/kobotoolbox.png
Korbel,"Josef Korbel School, University of Denver (Korbel)","Project lead partner, Implementing partner","Women's Mobilization Within Armed Groups, EMPOW","du-korbel-global-public-affairs-logo-stacked-white.png (https://v5.airtableusercontent.com/v3/u/52/52/1777917600000/wbwWkGlZdIbQCzH_XJfimg/rRb1bEfRn6lvGP9uVANgLhiBapdKzPcEiD8mb6b1RXm45wfs5pA1fHr_m6RPzW19oSqd3rGzTDSAmcYaelV5uAolDn4RWcuFRbjjxaIabKA8h184s6buiuRgUSKI9RwIkHhR7Afvbl93bxGeGMkq48b5hatbUkneqDLPo15iypUI8V06i_lvkSB7cWfHCel7FSfpA1FkA753kuJzR1Bqng/9kh-buo0GDXNAERzZUPsSyH68iTO0lk034ZxfjL-mkQ), du-korbel-global-public-affairs-logo-white.png (https://v5.airtableusercontent.com/v3/u/52/52/1777917600000/E2vdRl_m79OG6NY4mj2e7A/V-UzWeHlD5WuZNu7HAF9msRvH9yR6mdXFVml6BcLtGELFbESSL-gGExQzAyyr_t4bMBURQmgQI73roAT8R3AqVZEs1UxjQXNqHPL-WdLbik6yx3R-ir-xIUYwpicE_bwQp9QC3A6KZdnG4yV4cy94dRQ7dHu_PtJqboNUdZQSX9OsYtKYR4v5x7gTsFWJDq_3QuDMPc429A2vHGTYRLA3g/sVVAGhdcfsRiceBg1Vgwa--FINiLWy9CAa0mgIJ_C8E)",/white_logos/korbel.png
LSM,The Libya Security Monitor (LSM)  ,Implementing partner,"Maintaining ACLED, ACLED Data",,
Liveuamap  ,Live Universal Awareness Map,Collaborating partner,"Maintaining ACLED, ACLED Data",,
MPM,Myanmar Peace Monitor ,Collaborating partner,"Maintaining ACLED, ACLED Data",,
MPTFO,Multi-Partner Trust Fund Office (MPTFO),Administrative agent,"CRAF'd Direct Costs, CRAF'd Sec.Direct Cost 2022",,
Mi Convive ,Caracas Mi Convive & Monitor de Víctimas  ,Collaborating partner,"Maintaining ACLED, ACLED Data",,
MilitiaWatch  ,MilitiaWatch  ,Collaborating partner,"Maintaining ACLED, ACLED Data",,
NCRI,Network Contagion Research Institute,Collaborating partner,"Maintaining ACLED, ACLED Data",,
NDMA-SL,National Disaster Management Agency Sierra Leone,Collaborating partner,Internal Displacement Data,,
NRC,Norwegian Refugee Council (NRC)  ,"Project lead partner, Implementing partner","Internal Displacement Data, Strengthening CRAF'd Ecosystem, GUARD, Conflict Climate Displacement",Norcap-logo.png (https://v5.airtableusercontent.com/v3/u/52/52/1777917600000/UikfL-YdY02pGoGIAMpv9A/kRITLnCtwfHRj4Py3Po1E8XYoO-DC3uTXLUpjyaH-hAbWF2j-8lblo1lbbLv-zxLB6PdUH0xuTKKgnotUJGkcfs7jEKLqgGK9nHDUMUgx8v7gdnvhGRc_Jkxj8o-Vj6nw8wW_uj9FuGEZ-fJL2meTW3bTFPRSi2o6UjCv-Y52nA/v2zRBwELPuqU9-PuxPaRzmjU1SXKWjBM5692MvtdiRM),/white_logos/nrc.png
NRCS,Nepal Red Cross Society,Implementing partner,GUARD,Property 1=nepal-red-cross-logo.png (https://v5.airtableusercontent.com/v3/u/52/52/1777917600000/zmNW6XYjZUyIwLoEWJnOAw/4vnjLumkIjJjOlL9n9xDkKQOwLborB69FB334eWuijh3N-9eeVDHaQbsfj0zy_BR68Wtc2qXE_75yqro9GSxg51sEU02nY2a8njpQj_yv2xg6GsBeB3mKlgTHvYFRIVa4La9ZjVRtHFe0TYTl3nuJi8OODdJNwrbff-xYVYYxTJDIwpjmVBFFcYdyFmWZQX7/JF3KMRPFOVoPIYiTIybbg4_6U7aL3JL9lDOl3Z_uswA),/white_logos/nrcs.png
NU,Northwestern University,Implementing partner,GEOGUARD,,
NWC,New Women Connectors,Implementing partner,Kente Threads,"Property 1=newwomenconnectors.png (https://v5.airtableusercontent.com/v3/u/52/52/1777917600000/0FsDQV_ph-jo0RcTK_34BQ/I8-YCgJwIm3HzHBuZPTHTFcGqv27I6JDj0-JuIaqA9T-rldAsgfy2ve0DXUZP_TGUglv8bubgUP6em3D6rjJpoCD4MC5YSMj_NLwzxPh1OVv6XOI_ho5CFp93U5793x0gqlpY1XyYxouiqMJCBIYIXr63hzOnunuIFAy4bm5ZxEjzoLKCjUlKenjqkD2dBMb/B8HYahqZZsdsUzyR2mOa0n8BwE1xTS_cWSMsjDtsjWg), Property 1=newwomenconnectors-logo.png (https://v5.airtableusercontent.com/v3/u/52/52/1777917600000/7vSz8hyY147w7OQfE9PhMQ/4MqZyLPPp45AijuV3QIeAdDAni-3PiC5NSOqc70AsAprIre2k7wX1Gv1hSMZ8xm7XX8XfKS08hnaPYQ0SMgP-BBpJ9wyTa7UrM9LGNFsJZ7GiP-U16SPl5et_WycTNdcuJmb3WG3rocQ04zfjOh0xYP6JVP34nth_6aetpaFh4zx7GmIA0LBC0I_-YutwJKy/8bHBu4c_MAUyz6NuaRxc3qAvVJmMY3Bky89quwkWWNs)",/white_logos/nwc.png
OCHA,United Nations Office for the Coordination of Humanitarian Affairs (OCHA),"MoU signatory, Collaborating partner",PRIMARI,OCHA-logo.png (https://v5.airtableusercontent.com/v3/u/52/52/1777917600000/zHTGLME3tQk9DOOOS1vq1A/Mx_wZF-IkSKGPw5rFJ1ZEVaBREa6oh8Xi7MIIMNx_Rv8EsaLeC9Pg836Yx_Afn-HHf0MPd-lZGhoYeQ1aeuEtGdOdT5EDBEGsseRUH1dy7CcqzILkrPpiJTKOqzMo_DoWcdPpagBZX4RxB-qFB6yDYdUE2XCAQgdiomljZCdp6U/vwIXumNps4qGJRwVzMpzyRV_AKCGWFU5WMYstvKzpgs),/white_logos/ocha.png
OCHA (Colombia),UN Office for the Coordination of Humanitarian Affairs (OCHA) / Colombia  ,Collaborating partner,"Maintaining ACLED, ACLED Data",,
OECD,Organisation for Economic Co-operation and Development,Implementing partner,Strengthening CRAF'd Ecosystem,OECD-logo.png (https://v5.airtableusercontent.com/v3/u/52/52/1777917600000/DhMMFV-vx7RmwwdqjmT7tQ/T5T6Jgoc6sbdoeQtInmMGPm5rfguMT-mv0mxoMjsb6jR9RifwzKkPk5HX3tvf2deqlv06SUxQWXWoaZ9fUTg9Lenc6UIyXJuenGQzZJh8BzkqyvryH_5oknY_WvD2wMybzZfplJwNznwe6eKO8s6_tDPJII9Kh_Oz6y3F5h9s2s/43bpzNQDLLIgAgCcYD7cA3f24vI_v63WSCCOS_f9aEo),/white_logos/oecd.png
OFCA,Organisation des Femmes Centrafricaine,Implementing partner,Transformative Outcomes,,
OHCHR,Office of the United Nations High Commissioner for Human Rights (OHCHR),"MoU signatory, Project lead partner",Rapid Assessment Data,OHCHR-logo.png (https://v5.airtableusercontent.com/v3/u/52/52/1777917600000/JYveC5DYG83fIjcSGqZeHA/CN7nL8xRu18GKTfwtI0leCWydHDttuaUuxviyOBaCDCRqBPsQlQAFtwUn2r7g1cL6Wq-cfgcky8FDG1SRdKk8m5824xvVMclx7vTLqqmJ7gJ7SKKHkUHQ5Bi868zkl0gTd-COp27as1LMOIzfjBd3MThGAv0-WRuy9iG1EdKfWg/FztkerHB1-n-92i6tJYsmVEKWQbMOcMW1dm2k_yXqQ8),/white_logos/ohchr.png
ORDEDH,Ordres des Défenseurs des Droits Humains ,Implementing partner,"Maintaining ACLED, ACLED Data",,
ORF,Omega Research Foundation,Collaborating partner,"Maintaining ACLED, ACLED Data",,
OSCAA,Oxus Society for Central Asian Affairs ,Collaborating partner,"Maintaining ACLED, ACLED Data",,
OVPE,Observatory of Political and Electoral Violence,Collaborating partner,"Maintaining ACLED, ACLED Data",,
PAHO,Pan American Health Organization (PAHO),MoU signatory,,PAHO-logo.png (https://v5.airtableusercontent.com/v3/u/52/52/1777917600000/DSuNdviJ_v7eWjElUygPGg/lRXuZl4H-uFI8SbhwZwBZ7-5l_haSxaYuyyzSKK3aKOST00Ug3bzGp2c6oPbp6qQhboBiZT6BuTrGPS4EM2qm2jO6WwDPof_V-6YWT8bNUVRs8wc-d-t5jaEu1iFASr8Qm3quTuSlNRJznl91k5deFKaxAgz9TD-wa_0np9Fdfc/gaLaqoGB2JRA9kqrTmpJgweESsaOlnqo2oKjuwrc5EQ),/white_logos/paho.png
PICSS,Pakistan Institute for Conflict and Security Studies ,Collaborating partner,"Maintaining ACLED, ACLED Data",,
PJS ,Palestinian Journalists Syndicate ,Collaborating partner,"Maintaining ACLED, ACLED Data",,
PRA,Political Research Associates PRA ,Collaborating partner,"Maintaining ACLED, ACLED Data",,
PRIO,Peace Research Institute Oslo (PRIO),"Project lead partner, Collaborating partner","EMPOW, VIEWS-PIN, Women's Mobilization Within Armed Groups",PRIO-logo.png (https://v5.airtableusercontent.com/v3/u/52/52/1777917600000/pMwx3KkVHCz2dNALRfuqPw/NFmJ89TVeyg81_icStJcKFWk0qNPzzXxsw1fya3BwC1SlpbKSEjJl6LrsyAHOFYe012BfiOc6AkNjGvt3TDP6jHDuD7FCvTpQY018NH5HXoEh3ocTxxWBy3vvfYCMDa_shQaeYJrUPbR6_AejztRFRzMUAqSQXewyUO3LuF5UKQ/vGGEENIh8Nv2OPauPTNd-Kbt-Pyo34e3hhNj6Rygl4o),/white_logos/prio.png
PSCCW,Psychosocial Counselling Center for Women,Collaborating partner,Transformative Outcomes,Property 1=Psccw-logo.png (https://v5.airtableusercontent.com/v3/u/52/52/1777917600000/_RiXSw8E-uhLHptW0lNU2w/uFtxnvn_jCclhTEH_zRKBA9FtR_iOVt6dTA9PVw1TmQy7a8XM6n6Gvwsm3mpc-P_X9doX_28obxQz1foQpwfYgYJIyjc6mJ27vm2lT9g-X5Em0Xya3I84P-elEf5QWZps7l1HVnNVV-UbUdflsoWnqDeVXX6-nGgc_hR3M-Ufjc/u8Im49ykgC7GmBM75KEyNtniY66m-lpDSTZY8sScPFA),/white_logos/psccw.png
Protect Defenders,ProtectDefenders.eu  ,Collaborating partner,"Maintaining ACLED, ACLED Data",,
RCCC,Red Cross Red Crescent Climate Centre (RCCC),"Project lead partner, Collaborating partner","Conflict Climate Displacement, CLIFDEW-GRID",RCCC-logo.png (https://v5.airtableusercontent.com/v3/u/52/52/1777917600000/p8NcJ_rKxDVTwThwxqFWCg/Jwewa5ci3S1y3swt1vtZtOaOInRIejoolSNSAQt2Ukf7a0f5PtTJGgOD1Q-TzGSknKycq7PocyNOVRwirnFwr5DhxMRLM9O3g9CZZIWnxRhhzqDSq2wmYKDjHEMTUyzCte_2IUXmIg85LmUZjefWzF9udGBEnOKadafW0mnaXM0/UDH8K7xZf3mt3vV-hD7J7LPJIkbjRk0HF0wI-5pJSCA),/white_logos/rccc.png
REACH,REACH,Collaborating partner,Transformative Outcomes,,
REGAH,Réseau pour l'Égalité du Genres dans l'Action Humanitaire en Haïti (REGAH),Implementing partner,Transformative Outcomes,,
ROC,Reach Out Cameroon  ,Collaborating partner,"Maintaining ACLED, ACLED Data",,
SAR,Scholars At Risk SAR,Collaborating partner,"Maintaining ACLED, ACLED Data",,
SNHR,Syrian Network for Human Rights (SNHR)  ,Collaborating partner,"Maintaining ACLED, ACLED Data",,
Sana’a Center,Sanáa Center for Strategic Studies  ,Collaborating partner,"Maintaining ACLED, ACLED Data",,
Shahit.biz,Xinjiang Victims Database ,Collaborating partner,"Maintaining ACLED, ACLED Data",,
Sismología Social,Sismología Social Nicaragua  ,Collaborating partner,"Maintaining ACLED, ACLED Data",,
TCHRD,Tibetan Centre for Human Rights and Democracy  ,Collaborating partner,"Maintaining ACLED, ACLED Data",,
The Carter Center  ,The Carter Center  ,Collaborating partner,"Maintaining ACLED, ACLED Data",,
Togglecorp,Togglecorp,Implementing partner,GUARD,,
UARIV ,Unidad para la Atención y Reparación Integral a las Víctimas,Collaborating partner,Internal Displacement Data,,
UC IRVINE,University of California - Irvine,Implementing partner,CLIFDEW-GRID,UCI-logo.png (https://v5.airtableusercontent.com/v3/u/52/52/1777917600000/DPYBkCTqloKeHJBxIXtibA/r07yP48xJaJ-JF7biHynZygXbgZDR1WT2ibCJQ1KQ3Ozj8gEO2m_SX-rhkJPRX_81--nUpDI5mVb6S5XhvMcJIR_LqhaDPg62iQdqnw90y0PDnYBXMrXNj1DH6V7csAoXi8sMYhT1oHLdeqq82uSCfLIRVFGGlODoiGQP1uDyk0/zrvQGqBtwGI_ynZJS45510z1mTm1m40dpx4i3VUYDKs),/white_logos/uc-irvine.png
UN HABITAT,United Nations Human Settlements Programme (UN-Habitat)  ,MoU signatory,,UNHABITAT-logo.png (https://v5.airtableusercontent.com/v3/u/52/52/1777917600000/vtmv9ALij8N-ytXJlN36fA/Z6vbTJFFyVVEpE22x6xWPE78iuncLyyN21nSQOZLj6zKNgWs6M8t19ppURpV9G_ELrMCCYA-f61Nek98pp0s-ZEXYLfnZMn_WBSFBsF_jXJQOOW996cuwSvWJda_dFXO9XIO0V_VUTOmlw_Ap1hdmVYKern_dGXsjUMEw9Cj9UA/V04-SGedDCKpB6wziHLrzKxQpsHSo2woEFXl4fgZuo8),/white_logos/un-habitat.png
UN-WOMEN,United Nations Entity for Gender Equality and the Empowerment of Women (UN WOMEN),"MoU signatory, Project lead partner","Transformative Outcomes, VIEWS-PIN",UNWomen-logo.png (https://v5.airtableusercontent.com/v3/u/52/52/1777917600000/UxiMT_Dwzpc7sU7ETzlOeA/SZvTBGdBbSbdhG2B7DRW6DSPeicIPFOEy6RTcQO0gZ_ngx7C0L3AeEDB1R5GTXJ2xESgMD37_sAy0q2kb3ycNsnbOC8ciuqfyTWBJhYsBUu80G2wwR-NXfL8Cltk6bVtZGmvw1l5zYvP6oJZDEK1IaRdp_CHPm5fBtgw7U__WDs/FzJjBk1ovlMAzTbnSKKSHe4-QoaEUmDOdMxy-H4Ht6E),/white_logos/un-women.png
UNDP,United Nations Development Programme (UNDP),"MoU signatory, Project lead partner","INFORM Warning, Risk DataHub, CRAF'd Sec.Direct Cost 2022, CLIFDEW-GRID, Conflict Climate Displacement, Internal Displacement Data, eEARTH",UNDP-logo.png (https://v5.airtableusercontent.com/v3/u/52/52/1777917600000/eiEmsRsoZZ92eEHriTrTYw/OPvuR0wbkS0wdSjV2Ozo4sSyHlRf4_JnfvYu_hCzsXaGN8STrMBA1_boJsFq_WVWLep6MD2g1suMos6xxcKwbVsiC1Wp66YYFB3Y7hsOlxEOURuHe8_WpPn972XlXHImCMehr36Mf02Sy1vr7_doeLzbODj_DryItRZ_Auc7sYE/G1fbs4qTrcSCm9l0olEIjjIfjzGLHzlub-fkHqqfnUo),/white_logos/undp.png
UNDRR,United Nations Office for Disaster Risk Reduction (UNDRR),MoU signatory,,UNDRR-logo.png (https://v5.airtableusercontent.com/v3/u/52/52/1777917600000/CQWznOPcWDGjdT_ri6vMdg/i_pPUHcR_WMgK0IHR8WY4QT80i28gVJe0dK4R1b3RpfZsSOzkGrg4BMRRZcYU6rVBpmemTjol3SuZCPajc8OdH3G_jnKQdzOgruKma1MnoEtr5qlx8p5oRVw-EfaIymHt_r4BUdSj0JT4_fKV9Ecm8tEpl5ANCyQfu5XHv4SUp4/jVq-iuRYv8smzN-D2oQsdSdFWWppsFwfPuydKDY_c_A),/white_logos/undrr.png
UNDSS,United Nations Department for Safety and Security (UNDSS),MoU signatory,,UNDSS-logo.png (https://v5.airtableusercontent.com/v3/u/52/52/1777917600000/GtpGoeIISqMyrbYOuuraIw/zu3ZwKCaO59GzbFQa2JpNQpKq0i9qfZh323sFG0DLpp7-IaGZDJg5mqbcKBzvz8SWYtrfwoodmVetdye9i5tp1p9UOhGY1fD8stpSlq2qUevHQPV2OF5iqq1FipsccBa2K4LKU3W6_WSy7DpJniyefzjMz3xdWPLW9vhBMU0qaA/v8R3lnd2ih7v8QW-NHTy-YJCGy-UdbT1i9mlokfnpcI),/white_logos/undss.png
UNESCO,"United Nations Educational, Scientific and Cultural Organization (UNESCO)",MoU signatory,,UNESCO-logo.png (https://v5.airtableusercontent.com/v3/u/52/52/1777917600000/DnD_b7xMou7Ey2o74080Lg/ShikJQGOT_l6gKcVlWQo1zU8v6f7r7-Qr8A57d_Jc05aKrIJ6hc272hJl5a0oRvds8uGwiScsVmsqFpe1mxu7StaRFoISGudiNUFsgshLzpBTitV54kTqi2qVyhtN7teyEvO7kbr1kT9b0z1eiw95XUbPlWoWbuoCddiQVH75fo/RlE2hvx5Eyb56i9lhUKqsZfajhV90LfBOOm0JicRWPk),/white_logos/unesco.png
UNFPA,United Nations Population Fund (UNFPA),MoU signatory,PRIMARI,UNFPA-logo.png (https://v5.airtableusercontent.com/v3/u/52/52/1777917600000/mZYDe21X-5G9KJrNYv85wQ/n6maDtseH30LXUMFuovLTNy9ja8ESYARwQ3NYFkXVkzQ0NY6WGUaSeFR9A2z0neD8gCzSGVqzSfccBmSiT6EMYkbpo4M4uFMrOkdvXaeFIufnx7VslYg1xgH3eBTRUzq76BnFv9ojMbxhJthv5AYa9Lgs_NNMoRF_r4wVCoqYP0/WJg2cjmGKn0-KoF7BfowlW3QoAsNryz-YOWkRoMTkgA),/white_logos/unfpa.png
UNHCR,United Nations High Commissioner for Refugees (UNHCR),"MoU signatory, Project lead partner, Collaborating partner","CLIFDEW-GRID, Internal Displacement Data, PRIMARI",UNHCR-logo.png (https://v5.airtableusercontent.com/v3/u/52/52/1777917600000/DLx7GmeNT-poze-w4FbUrA/-pMheE_slbaFvpOcILKVXkUGFNML9ai7D-xz5OWxkMJUGufOClQlyzsICKSw849s1o75LCEGM7L6zYwxB6CzsBb_aznzFF16edn1KP4kRW8VMeDPEY5LAwtlTIx4AAjRIuN1n6nDJBUNVlTKPKFcY3PiZW7iFe96TZEvuhFySqw/HVwRMRIDBHJPBpxIWeUTc7VT-XeD8Vx6k3sx7ECAmO4),/white_logos/unhcr.png
UNICC,United Nations International Computing Centre (UNICC),Implementing partner,Risk DataHub,,
UNICEF,United Nations Children's Fund (UNICEF),"MoU signatory, Collaborating partner","Conflict Climate Displacement, Internal Displacement Data",UNICEF-logo.png (https://v5.airtableusercontent.com/v3/u/52/52/1777917600000/onMQZawE4I5tBu0di2cadQ/3yGNJT1p07KlQAWChHXldSqSmx3M-0zr04QZaSNyYUIJADsU-m0EBBC_it3w5Fn68aiWSy30_An16q-dpaOWeaxy91LgYqo0jEvVv2vUsqh-iJ6c_5c6jn-rMyl5tuv7z_w5E9j2NA9gdStGlI2jfykm6bovWH4U2-NDh5o5GNk/-EhF9GRbl8immZj-t-BFenzwylmNUiCZklxgd2uypug),/white_logos/unicef.png
UNIDIR,United Nations Institute for Disarmament Research,Collaborating partner,Rapid Assessment Data,,
UNMA,Uganda National Meteorological Authority,Collaborating partner,Hazard Modeling,,
UNOCC,United Nations Operations and Crisis Centre,Collaborating partner,CLIFDEW-GRID,,
UNODC,United Nations Office on Drugs and Crime (UNODC),MoU signatory,,UNODC-logo.png (https://v5.airtableusercontent.com/v3/u/52/52/1777917600000/t4P06VRVaN87kcw9LdHMCA/YncAYuJbvuBRQJGjPs9AF95PvLN8pJZwQOSpj73zSdl1KArXKWNxZbge6o-9Q1oRMDM66nuWFYOCcxnSJrLVmrL3ueN-q6W5Ws1EQXMU6J5XItGRSXgspe7IzGXVG2JGUkYc_QT7N9yG4iHdZMTBeSzaRP2pcmvHtOnGC1CT9MY/Sz-PW4i10tQoObdSFdbbyB1Mx5i2yhuKchmhz2jnW1I),/white_logos/unodc.png
UNOPS,United Nations Office for Project Services  (UNOPS),MoU signatory,,UNOPS-logo.png (https://v5.airtableusercontent.com/v3/u/52/52/1777917600000/ixX-n-Yc51DONd_WT47ndQ/OuMM7OuJp7lAdDY4I_jYOcSp6W-eb04xWnTDTsi--vjtBGzg9RXV6moWqdpa_ubE12gJnQ9C_amploOfUlwvk92bnqsZS_gF3dT8YVdh4WbtrbTSf4mr6OF8C2yAUW9li148W48_52Ob8LtIiN-ds5BEbPusJI4FL6jn1NdJh7U/YbteqcyIDZBb-Ft0fawHmJl7dsn6LtMCMHIColAmUlY),/white_logos/unops.png
UNRISD,United Nations Research Institute for Social Development (UNRISD),MoU signatory,,unrisd-logo.png (https://v5.airtableusercontent.com/v3/u/52/52/1777917600000/zlIFUx_MFKR0mOiE4iTkaA/S2i-i45kjGpwqX2eFfmw4GtPSLly5gAhos26qGgWbpR3d2uY_JSENzBbxGosaXfG6giouTpwqRdXPd2FnwrN4syp1yNcwZGFHOGOwNcdANXF8GkPzElXcG2EibxS1Jn8gRDyT28GxriStyoA8PHzLuyRwOcak9El2snZWub8VBM/cWJwDYJNrSH9aOrHfdLxts1p4HcXmuL4YJmo4-zKHRU),/white_logos/unrisd.png
UNU,United Nations University (UNU),MoU signatory,,UNU-logo.png (https://v5.airtableusercontent.com/v3/u/52/52/1777917600000/xlr_OTlkU9A5Oy39vznBsg/CKnHSxASB3QvhJFt5tM6wi2fASB0Yd2RJyxQgp00sC3OY5DSFTJjBk2QSc7ZH9bHYb_JPxwKYE0QpF2O6-c-dFy4f3BwrQ5RVk3Nr6wUpRovLFGlFgFxi6fYAlnXg0SnIEIkNj315du5SxodsAT_RDDcg8IQs4mkB9fL8iyARUU/ecM8MUlXwDq_B7djy-TilsiOK7nqU4ONIWYRbmCA7lk),/white_logos/unu.png
UPPSALA UNIVERSITY,Uppsala University,Implementing partner,"EMPOW, VIEWS-PIN, Strengthening CRAF'd Ecosystem",uppsala-universitet-logo.png (https://v5.airtableusercontent.com/v3/u/52/52/1777917600000/l52ekDLQYUZ1qG6EwDd3cg/fbfgqgkW9mA2lW66ql3dxqLqOlELfyK-4mPqOa4Tmld723K_WVb8-8vCFDBdOR7exzYLzaIZwPkmt_f0khz-JucUiyi4sO_HwxH7DJhQeI4cCnpESaE0See2kZjxy8m2B6EDeMSPCBQt-MltU-G1NlIOLk3Teo2Nvz_fjhZS7EnHCMegL40VOYJ0zaBkFejd/EAJtCfEIyCxIFNzmeAyNraXj3MVGepJrHLgBPT8EjBg),/white_logos/uppsala-university.png
VIA,VALERIAN IT AB (IT consultant),Implementing partner,VIEWS-PIN,,
WANEP-SL,West Africa Network for Peacebuilding Sierra Leone   ,Collaborating partner,"Maintaining ACLED, ACLED Data",,
WCLAC,Women’s Centre for Legal Aid and Counselling,Collaborating partner,Transformative Outcomes,Property 1=WCLAC-logo.png (https://v5.airtableusercontent.com/v3/u/52/52/1777917600000/lwkoF5bxoCAdTBr65t7Cqw/3u2M3oh_Orr0_eMLYOddMYO6W3U3xLN8HKtzC1OUCjZq5Hx3uzJOFktXeXCyloTnoC4CRbgH3MGZG_2kl96ha44WRvLPXc3tUdeuW_czjeYQRoH_bhQ0H99dR2THH84q4VdlAIAK7uCMX29BTdnQG0rAL5Rr4L38jKIb4zJKTic/PXAqEF3lAOxf_Nmv1B6ycTX60jVB4JI5X_jl8dkFwJk),/white_logos/wclac.png
WFP,World Food Programme (WFP),"MoU signatory, Collaborating partner","Hazard Modeling, Internal Displacement Data, VIEWS-PIN, CLIFDEW-GRID",WFP-logo.png (https://v5.airtableusercontent.com/v3/u/52/52/1777917600000/Ts_MaMKJopA6TVwT07-BKA/qJ5VTeKN3My7XNs1GtzDCIanQ69FXgw7YbI9LXorICWw9ySzQvmZN5j0R_HLSWq87Yugvlb9QnI0I1s4lfQ9RtI1ZzTHyaXJcigj_NPRQIZSSEbPxNB1ADpXNno3oBaWMQQti9WAWN3riHAU7anS3IejoOHBSwJIOw-mVKfyK5g/-QomESCgIb_5aaZbvMMJXjqRM1YKR7inhaMgtFauC48),/white_logos/wfp.png
WHO,World Health Organization,Collaborating partner,"INFORM Warning, Rapid Assessment Data, PRIMARI",,
WorldPop,WorldPop,"Implementing partner, Collaborating partner",GUARD,,
Yikono,Yikono,Collaborating partner,Women's Mobilization Within Armed Groups,,
ZPP,Zimbabwe Peace Project  ,Collaborating partner,"Maintaining ACLED, ACLED Data",,
Zitamar News  ,Zitamar News  ,Implementing partner,"Maintaining ACLED, ACLED Data",,
iMMAP Inc.,Information Management and Mine Action Programs (iMAPP),Implementing partner,Transformative Outcomes,iMMAP-logo.png (https://v5.airtableusercontent.com/v3/u/52/52/1777917600000/WwlSKazPGvEJfBnJOkgXsA/6XSyA_KHS7hhWgRX1VErcIKJ3xpzlMSncmCyrQRcsoFj7X0sL7gXaPTm2bnvNBzg_n-TIFu5A2NVZhKiKTroIhicUnKk3e99iepbSHy4d2ynqMdJc9W-jwH66s71-Y-PJFr_Ptnt9iEz4zZ_FHVhMnbMqQoiAELiySozMiXpr4A/4UJj7N25d5WYCvx3VyrPmvA-5BwoGwozK7zQSNLk2Aw),/white_logos/immap-inc..png
,Ground Truth Solutions,Implementing partner,Transformative Outcomes,,
,"Ridgeway Information Ltd.,",Implementing partner,GEOGUARD,,
,Timor-Leste Red Cross Society,Implementing partner,GUARD,,
,HCT Women's Advisory Group,Collaborating partner,Transformative Outcomes,,
,Centre for humdata,Implementing partner,Strengthening CRAF'd Ecosystem,centre-logo.png (https://v5.airtableusercontent.com/v3/u/52/52/1777917600000/KNJQd1KCcX1MdJxDNxq98A/anm5v1_Ei0yIzMtvUc856zMC0_yVGrp8qPQl9YrMQJeEIhBXLWCwchK8hT4hLJvbKz-1GmFm68aiTVQ4Sjo__Z6MRCCqZV-Djnr41n7dQZD5Z93kOui4GfBClIIfC-3Vbj8fQie44jsTbBPcPjivnIF879wD-kQyvqz4lmGUuBc/3GbqbHn4gX5t6MR0elxRk9qTWqz-4cQxYJk0YpD1yqk),
,Anonymous Partner 1 - Africa,Collaborating partner,"Maintaining ACLED, ACLED Data",,
,Microsoft Corporation,Collaborating partner,Rapid Assessment Data,,
,Burmese Women’s Union,Collaborating partner,Women's Mobilization Within Armed Groups,,
,Local information networks (stringer networks),Implementing partner,ACLED Data,,
,Airwars  ,Collaborating partner,"Maintaining ACLED, ACLED Data",,
,Anonymous Partner 2 - Europe,Collaborating partner,"Maintaining ACLED, ACLED Data",,
,Karenni National Women’s Organisation,Collaborating partner,Women's Mobilization Within Armed Groups,,
,Yellow Movement,Collaborating partner,Women's Mobilization Within Armed Groups,,
